	Chr	Loc	Close genes in Genome Browser 	Close genes reported in Law et al., 2015	Weight#	Ref allele for the weight	CorrectedLocs	|Weight|
rs75570604	16.0	89846676.0	FANCA	MC1R	0.49	C	89846677.0	0.49
rs250417	5.0	33952377.0	SLC45A2|RP11-1084J3.1|RXFP3	SLC45A2	-0.4	G	33952378.0	0.4
rs1805008	16.0	89986143.0	RP11-566K11.4|AC092143.4-4|RP11-566K11.7|AC092143.1|TCF25|MC1R|TUBB3|AC092143.4-2		0.2	T	89986144.0	0.2
rs6088372	20.0	32586747.0	RP5-1125A11.1|RP5-1125A11.4|RALY	ASIP	0.17	T	32586748.0	0.17
rs7852450	9.0	21825074.0	AL359922.1|TUBB8P1|RP11-70L8.1|MTAP|RP11-145E5.5	CDKN2A/MTAP	-0.14	C	21825075.0	0.14
rs75286671	4.0	21889288.0	KCNIP4		-0.13	C	21889289.0	0.13
rs1393350	11.0	89011045.0	CBX3P7|AP000720.4|TYR	TYR	0.12	A	89011046.0	0.12
rs3794638	16.0	89753435.0	RP11-368I7.4|SPATA2L|C16orf76|SPATA33|CDK10|C16orf55		-0.11	A	89753436.0	0.11
rs139791480	6.0	22679901.0	AL033539.18		-0.11	C	22679902.0	0.11
rs12595968	16.0	89760473.0	RP11-368I7.4|SPATA2L|VPS9D1|C16orf7|C16orf76|VPS9D1-AS1|CDK10		-0.093	T	89760474.0	0.093
rs73008229	11.0	108187688.0	C11orf65|ATM	ATM	-0.085	A	108187689.0	0.085
rs380286	5.0	1320246.0	CLPTM1L|MIR4457|AC026748.7-1	TERT/CLPTMIL	0.082	A	1320247.0	0.082
rs408825	21.0	42743495.0	FAM3B|MX2|AL773578.1	MX2	-0.071	C		0.071
rs11648879	16.0	89827754.0	FANCA		0.068	G	89827755.0	0.068
rs1858550	1.0	226608103.0	RP11-118H4.3|PARP1|AL359704.9-2|AL359704.9-3|RP11-118H4.1	PARP	-0.067	A	226608104.0	0.067
rs12410869	1.0	150856152.0	RP11-235D19.2|ARNT	ARNT	-0.06	T	150856153.0	0.06
rs12596638	16.0	54115828.0	FTO	FTO	0.05	A	54115829.0	0.05
rs2092180	22.0	38571562.0	PLA2G6	PLA2G6	-0.048	G	38571563.0	0.048
rs2290419	11.0	68919648.0	RP11-554A11.8|RP11-554A11.9		-0.047	G	68919649.0	0.047
rs498136	11.0	69367117.0		CCND1	0.046	A	69367118.0	0.046
rs77283072	9.0	22060832.0	CDKN2B-AS1		0.046	A	22060833.0	0.046
rs78161156	12.0	48593294.0	ASB8|OR10AD1|C12orf68|DKFZP779L1853		-0.044	G	48593295.0	0.044
rs10739221	9.0	109060829.0	RP11-308N19.1	THEH38B(RAD23B,TALR)	0.039	T	109060830.0	0.039
rs75691080	20.0	62269749.0	GMEB2|STMN3|AL353715.21|CTD-3184A7.4|RTEL1		-0.037	T	62269750.0	0.037
rs1636744	7.0	16984279.0	AC098592.7	AGR3	0.037	T	16984280.0	0.037
rs7582362	2.0	202176293.0	ALS2CR12	CASP8	0.037	A	202176294.0	0.037
rs62444470	7.0	17099431.0			0.035	C	17099432.0	0.035
rs7164220 (R2=0.6 with rs4778138)	15.0	28341608.0	OCA2|HERC2	OCA2/HERC2	-0.033	C	28341609.0	0.033
rs72909003	6.0	82163225.0			0.033	A	82163226.0	0.033
rs74456670	15.0	52042123.0	LYSMD2|CTD-2308G16.1|TMOD2		0.033	G	52042124.0	0.033
rs7632095	3.0	163843128.0			0.033	G	163843129.0	0.033
rs6914598	6.0	21163918.0	CDKAL1	CDKAL1	0.033	C	21163919.0	0.033
rs462464	16.0	89613036.0	RNU7-117P|SNORD68|SPG7|RPL13|snoMBII-202		-0.033	A	89613037.0	0.033
rs2995264	10.0	105668842.0	OBFC1	OBFC1	0.03	G	105668843.0	0.03
rs11738706	5.0	167522264.0	CTB-178M22.1|TENM2|ODZ2		0.029	T	167522265.0	0.029
rs35158985	16.0	68796745.0	CDH1		0.027	G	68796746.0	0.027
rs75724758	4.0	143003804.0	INPP4B		0.027	C	143003805.0	0.027
rs11779437	8.0	72851033.0	RP11-383H13.1		-0.025	T		0.025
rs146305655	6.0	32268952.0	C6orf10		-0.025	A	32268953.0	0.025
rs7041168	9.0	110698715.0	RNA5SP293		0.025	G	110698716.0	0.025
rs2111398	12.0	13075201.0	GPRC5D|GPRC5A|MIR614|RP11-392P7.6|hsa-mir-614		0.023	G	13075202.0	0.023
rs72767211	5.0	55426965.0	RNA5SP184|ANKRD55|RNU6-299P|RPL17P22|AC016585.8		0.021	T	55426966.0	0.021
rs6750047	2.0	38276548.0	RMDN2-AS1|CYP1B1|RMDN2|FAM82A1	CYP1B1	0.021	A	38276549.0	0.021
rs3773576	3.0	55028245.0	CACNA2D3		-0.02	T	55028246.0	0.02
rs114585466	3.0	30008847.0	RBMS3		-0.02	T	30008848.0	0.02
rs475667	16.0	88870966.0	PIEZO1|APRT|GALNS|CDT1		-0.019	C	88870967.0	0.019
rs4077700	5.0	169610073.0	CTB-27N1.1		0.019	G	169610074.0	0.019
rs4731207	7.0	124396644.0	GPR37		0.018	A	124396645.0	0.018
rs73129882	5.0	55977841.0			-0.017	G	55977842.0	0.017
rs4986170	17.0	43207857.0	AC002117.1|PLCD3|ACBD4|HEXIM1		-0.017	G	43207858.0	0.017
rs6679026	1.0	78619511.0	RNFT1P2|RP11-472F19.2|GIPC2		-0.017	T	78619512.0	0.017
rs4763456	12.0	17274671.0	RPL7P40		-0.017	T	17274672.0	0.017
rs10268757	7.0	15011507.0	DGKB|AC006045.3		0.016	G	15011508.0	0.016
rs1851520	15.0	30102134.0	TJP1|RP11-680F8.3		-0.016	T	30102135.0	0.016
rs661356	9.0	244456.0	DOCK8		0.016	G	244457.0	0.016
rs28688825	6.0	32587156.0	HLA-DQA1		-0.016	G	32587157.0	0.016
rs3843706	16.0	88821032.0	PIEZO1|FAM38A|RP5-1142A6.2|RP5-1142A6.7|RP5-1142A6.8|AC138028.1-2|AC138028.1-3		-0.015	C	88821033.0	0.015
rs111461999	4.0	37633700.0	RELL1|C4orf19		0.015	G		0.015
rs3794207	12.0	121686077.0	CAMKK2|P2RX4		-0.015	T	121686078.0	0.015
rs2703126	4.0	77819841.0	RP11-123J14.4|SOWAHB|ANKRD56|RP11-123J14.1		0.015	C	77819842.0	0.015
rs11577235	1.0	114113339.0	MTND5P20|RP11-473L1.1|MAGI3		-0.014	T	114113340.0	0.014
rs59112743	6.0	15691777.0			0.014	A	15691778.0	0.014
rs11754283	6.0	16419642.0	AL034375.1|ATXN1		-0.014	T	16419643.0	0.014
rs72701304	15.0	24287027.0			-0.013	T	24287028.0	0.013
rs149453822	12.0	110504090.0	C12orf76|AC007546.6-2|AC007546.6-1		0.013	T	110504091.0	0.013
rs71372800	16.0	89356700.0	ANKRD11|AC137932.5|AC137932.1		-0.013	C		0.013
rs185637766	10.0	36302427.0			0.013	C	36302428.0	0.013
rs6938302	6.0	84745498.0	RP11-51G5.1|MRAP2		0.013	G	84745499.0	0.013
rs2025016	1.0	236298157.0	GPR137B		-0.012	A	236298158.0	0.012
rs1532794	4.0	13067810.0	RNU6-962P		0.012	T	13067811.0	0.012
rs3752750	10.0	73455307.0	C10orf105|CDH23		-0.012	T	73455308.0	0.012
rs28712263	15.0	95309316.0			-0.012	A	95309317.0	0.012
rs7321272	13.0	23551651.0	AL157931.1|AL157931.17		0.011	G	23551652.0	0.011
rs10744613	12.0	3554820.0	RP11-476M19.3|PRMT8		0.011	C	3554821.0	0.011
rs112987642	20.0	36752842.0	TGM2		0.011	T		0.011
rs6839753	4.0	58098767.0			0.011	A		0.011
rs1554519	11.0	10904066.0	CTD-2003C8.2|ZBED5-AS1		0.011	G	10904067.0	0.011
rs7030335	9.0	105038823.0	RNU6-329P|AL391867.1|AL391867.5		-0.011	C	105038824.0	0.011
rs1464510	3.0	188112553.0	LPP		-0.01	A	188112554.0	0.01
rs34466956	19.0	3353621.0	NFIC		0.01	C	3353622.0	0.01
rs8015191	14.0	64465317.0	SYNE2		0.01	T	64465318.0	0.01
rs42392	5.0	55803928.0	AC022431.1|AC022431.2		-0.0098	G	55803929.0	0.0098
rs113003289	17.0	44058640.0	MAPT|STH		0.0097	A	44058640.0	0.0097
rs8115958	20.0	35583587.0	SAMHD1		0.0097	G	35583588.0	0.0097
rs17416005	1.0	10761758.0	CASZ1		-0.0093	A	10761759.0	0.0093
rs9512474	13.0	27550668.0	RPS21P8|RP11-545M8.2		-0.0091	A	27550669.0	0.0091
rs4851781	2.0	106125081.0			0.0091	T	106125082.0	0.0091
rs6103072	20.0	35012485.0	DLGAP4		0.009	A	35012486.0	0.009
rs13353528	3.0	116456344.0	LSAMP|TUSC7		0.0087	C	116456345.0	0.0087
rs12696304	3.0	169481270.0	TERC|RP11-362K14.5|ACTRT3|AC078802.14|Telomerase-vert|RP11-816J6.3|MYNN		-0.0083	G	169481271.0	0.0083
rs9867857	3.0	156491159.0	LINC00886		0.0081	T	156491160.0	0.0081
rs115299550	1.0	246578345.0	SMYD3		-0.0081	A	246578346.0	0.0081
rs113991941	8.0	14938241.0	SGCZ		0.0081	C	14938242.0	0.0081
rs6994183	8.0	21951008.0	NUDT18|AC091171.1|DMTN|FAM160B2|EPB49		0.0078	T	21951009.0	0.0078
rs1041981	6.0	31540783.0	LTB|NCR3|NFKBIL1|LTA|TNF|LST1		-0.0076	A	31540784.0	0.0076
rs12533992	7.0	113024970.0			-0.0076	A		0.0076
rs4366466	11.0	6777123.0	GVINP1|OR2AG2|GVINP2		0.0073	C	6777124.0	0.0073
rs11695150	2.0	48687556.0	RP11-191L17.1|PPP1R21|KLRAQ1		-0.0072	C	48687557.0	0.0072
rs6974622	7.0	155344198.0	CNPY1		-0.0072	A	155344199.0	0.0072
rs12069618	1.0	236744970.0	HEATR1		0.0071	A	236744971.0	0.0071
rs17244263	11.0	6532777.0	DNHD1|C11orf47		0.007	T	6532778.0	0.007
rs1285874	6.0	7115532.0	AL355336.15-1|RREB1		-0.007	T	7115533.0	0.007
rs11646910	16.0	89818264.0	FANCA|ZNF276		-0.0069	A	89818265.0	0.0069
rs6088092	20.0	31675942.0	BPIFB3|BPIFB4|C20orf186|C20orf185		0.0068	C	31675943.0	0.0068
rs6878548	5.0	153121227.0	RN7SL177P|GRIA1|AC091960.4-1		0.0066	A	153121228.0	0.0066
rs56035227	4.0	149426183.0			0.0064	G	149426184.0	0.0064
rs11980271	7.0	17730401.0	AC006482.1		0.0064	G	17730402.0	0.0064
rs2125834	15.0	24110775.0			-0.0063	G	24110776.0	0.0063
rs4751640	10.0	119572167.0	RP11-355F22.1		0.0061	A	119572168.0	0.0061
rs163798	20.0	57577934.0	CTSZ|TUBB1|NELFCD|TH1L		0.006	A	57577935.0	0.006
rs11726556	4.0	72922674.0	NPFFR2		0.0058	C	72922675.0	0.0058
rs73075633	7.0	22141594.0	RAPGEF5		0.0058	G	22141595.0	0.0058
rs78865622	2.0	151165707.0	AC016682.1		-0.0055	T	151165708.0	0.0055
rs1893948	18.0	45709552.0	RNU6-708P|ZBTB7C		0.0054	G	45709553.0	0.0054
rs190036801	1.0	154993089.0	DCST2|ZBTB7B|DCST1		0.0054	A	154993090.0	0.0054
rs34680719	2.0	33034553.0	LINC00486|TTC27		0.0053	C	33034554.0	0.0053
rs72930448	2.0	176728501.0			0.0053	G	176728502.0	0.0053
rs12594938	15.0	73071281.0	ADPGK|ADPGK-AS1		-0.005	A	73071282.0	0.005
rs1887975	1.0	205357567.0	LEMD1|LEMD1-AS1		0.0049	T	205357568.0	0.0049
rs12606278	18.0	28576340.0	RP11-25I11.1|DSC3|RNU6-857P|AC025212.5		0.0049	C	28576341.0	0.0049
rs6134759	20.0	13032910.0	SPTLC3		-0.0047	A	13032911.0	0.0047
rs149220960	5.0	154605259.0			0.0047	G	154605260.0	0.0047
rs650681	1.0	219053291.0	RP11-412H9.1		-0.0046	T	219053292.0	0.0046
rs4655048	1.0	22668770.0	RP11-415K20.1|AL591122.20		-0.0046	T	22668771.0	0.0046
rs2003574	22.0	20998964.0	SMPD4P1|SLC9A3P2|AC007050.1|AC007050.11		0.0045	A	20998965.0	0.0045
rs17592036	21.0	23620687.0	AP000705.7		0.0044	G		0.0044
rs9899469	17.0	71842273.0	LINC00469|CTD-2532D12.5|C17orf54		0.0044	G	71842274.0	0.0044
rs17071142	6.0	142054580.0			-0.0043	C	142054581.0	0.0043
rs6021666	20.0	50677205.0	ZFP64		-0.0042	C	50677206.0	0.0042
rs17132024	10.0	4126899.0	RP11-433J20.1		-0.0041	G	4126900.0	0.0041
rs16904141	8.0	130699419.0	CCDC26|RP11-419K12.1		0.0041	G	130699420.0	0.0041
rs117353195	16.0	64889359.0			-0.0039	G	64889360.0	0.0039
rs12209946	6.0	166413516.0	LINC00473|PDE10A|AL132661.32		0.0039	A	166413517.0	0.0039
rs954427	11.0	12234495.0	MICAL2		0.0038	G	12234496.0	0.0038
rs7127472	11.0	61937657.0	RP11-691L4.2|INCENP		0.0038	T	61937658.0	0.0038
rs6431303	2.0	235749372.0	AC010148.1		0.0036	T	235749373.0	0.0036
rs7611535	3.0	113924142.0	DRD3|RP11-553L6.2		-0.0036	T	113924143.0	0.0036
rs76364787	6.0	1081433.0	AL033381.1|AL033381.2-1|AL033381.2-2		-0.0036	A	1081434.0	0.0036
rs4689599	4.0	7102596.0	RP11-367J11.3|RN7SKP36		-0.0035	T	7102597.0	0.0035
rs7952606	11.0	4812600.0	OR52Y1P|OR52R1|OR51N1P|MMP26|AC103710.2-1		0.0035	A	4812601.0	0.0035
rs9787562	10.0	26252004.0	MYO3A		0.0032	G	26252005.0	0.0032
rs79306900	8.0	3747812.0	CSMD1		-0.0032	T	3747813.0	0.0032
rs10900468	1.0	205163056.0	DSTYK|RP11-383G10.3|RPL17P8		0.003	A	205163057.0	0.003
rs6833655	4.0	175609468.0	GLRA3		0.003	T		0.003
rs9392778	6.0	6405067.0	LY86-AS1		-0.0029	T		0.0029
rs1950843	14.0	94597125.0	IFI27L2|IFI27|PPP4R4		0.0028	G	94597126.0	0.0028
rs59907199	16.0	75635254.0	RP11-77K12.8|ADAT1		0.0027	T	75635255.0	0.0027
rs4457828	12.0	96363985.0	HAL|AMDHD1		0.0027	A	96363986.0	0.0027
rs12427405	12.0	92490020.0	C12orf79		0.0027	G	92490021.0	0.0027
rs161394	17.0	3489243.0	RP11-235E17.3|RP11-235E17.4|TRPV1		-0.0026	A	3489244.0	0.0026
rs10840515	11.0	10957241.0			-0.0025	A	10957242.0	0.0025
rs9961596	18.0	860613.0	RP11-672L10.5		-0.0023	C	860614.0	0.0023
rs1510351	3.0	68507039.0	FAM19A1		-0.0022	G	68507040.0	0.0022
rs6909294	6.0	125073957.0	NKAIN2|TCBA1		-0.0022	G	125073958.0	0.0022
rs139410052	10.0	17112632.0	CUBN		0.0021	A	17112633.0	0.0021
rs61973880	13.0	114796131.0	RASA3		-0.0021	G	114796132.0	0.0021
rs10853552	18.0	44933348.0	CTD-2130O13.1		0.002	G	44933349.0	0.002
rs3780269	9.0	134457579.0	RAPGEF1		0.002	A	134457580.0	0.002
rs12045702	1.0	236654958.0	ENO1P1|EDARADD|AL136105.9		-0.002	T	236654959.0	0.002
rs11710182	3.0	134907865.0	EPHB1		0.002	G	134907866.0	0.002
rs6801238	3.0	55310643.0	RP11-64C1.1		0.0019	C	55310644.0	0.0019
rs115045413	6.0	33125973.0	HLA-DPA3|COL11A2|HCG24		0.0018	A		0.0018
rs10145395	14.0	49460059.0			0.0018	T	49460060.0	0.0018
rs61231668	19.0	4821032.0	TICAM1|PLIN3|M6PRBP1|CTC-518P12.6		0.0018	T		0.0018
rs13338146	16.0	77255734.0	RP11-538I12.2|VN2R10P|RP11-538I12.3|MON1B|SYCE1L|AC009139.8		-0.0017	A	77255735.0	0.0017
rs118021671	13.0	87317971.0			-0.0017	T	87317972.0	0.0017
rs4951392	1.0	204484616.0	RP11-430C7.2|MDM4		-0.0016	C	204484617.0	0.0016
rs11686397	2.0	223656013.0			0.0015	G	223656014.0	0.0015
rs4047462	2.0	16358743.0			-0.0015	A	16358744.0	0.0015
rs7733911	5.0	90271618.0	GPR98		-0.0015	T	90271619.0	0.0015
rs962298	9.0	12588949.0			-0.0015	C	12588950.0	0.0015
rs11704050	22.0	45534294.0	CTA-217C2.1|CTA-217C2.2		-0.0014	T	45534295.0	0.0014
rs12919293	16.0	88096202.0	RP11-863P13.5|BANP		-0.0014	C	88096203.0	0.0014
rs4329253	8.0	56156157.0	XKR4		0.0013	T	56156158.0	0.0013
rs4770890	13.0	26548450.0	ATP8A2		0.0013	G	26548451.0	0.0013
rs6070243	20.0	56316572.0			-0.0013	G	56316573.0	0.0013
rs1559943	3.0	69657735.0	RP11-444P10.1		-0.0013	A	69657736.0	0.0013
rs281509	2.0	46433607.0	PRKCE		0.0012	C	46433608.0	0.0012
rs2178905	21.0	15713998.0	ABCC13		0.0012	T		0.0012
rs10234834	7.0	29745195.0	DPY19L2P3|AC007276.3-2		-0.0011	T	29745196.0	0.0011
rs11700623	21.0	47459378.0	AP001476.2|AP001476.4|AP001476.3		0.0011	G		0.0011
rs62127650	2.0	10377317.0			-0.001	G	10377318.0	0.001
rs1542096	4.0	77204499.0	FAM47E		-0.001	C	77204500.0	0.001
rs6895132	5.0	75239129.0			-0.001	G	75239130.0	0.001
rs10883548	10.0	102627352.0			-0.00099	C	102627353.0	0.00099
rs4865588	5.0	54234021.0	RP11-45H22.3		-0.00096	G	54234022.0	0.00096
rs6546607	2.0	70650203.0	AC022201.4		0.00087	A	70650204.0	0.00087
rs245878	7.0	29185603.0	CPVL|CHN2		0.0008	C	29185604.0	0.0008
rs7571090	2.0	52023128.0	AC007682.1		0.00074	G	52023129.0	0.00074
rs56026789	1.0	117847740.0	RP11-39H13.1		-0.00073	T	117847741.0	0.00073
rs13171367	5.0	122814732.0	HMGB3P17|AC106792.2		-0.00072	G	122814733.0	0.00072
rs11129324	3.0	28718711.0	LINC00693		0.00063	C	28718712.0	0.00063
rs10954241	7.0	129177586.0			-0.00054	G	129177587.0	0.00054
rs113707970	5.0	166119570.0			0.00047	A	166119571.0	0.00047
rs6500698	16.0	5616333.0	RP11-420N3.2		0.00047	A	5616334.0	0.00047
rs491313	1.0	114639042.0	SYT6		0.00045	C	114639043.0	0.00045
rs9555417	13.0	108486214.0	FAM155A-IT1|FAM155A		0.00033	T	108486215.0	0.00033
rs9581779	13.0	27476284.0	FGFR1OP2P1|RP11-545M8.1		0.0003	G	27476285.0	0.0003
rs17823562	18.0	42988087.0	RP11-309E23.2|SLC14A2		-0.00023	C	42988088.0	0.00023
rs28396864	8.0	140029758.0			0.00021	G	140029759.0	0.00021
rs6700589	1.0	162628145.0	DDR2		0.00021	A	162628146.0	0.00021
rs37911	7.0	122389301.0	CADPS2		0.00014	T	122389302.0	0.00014
rs187989493	7.0	106856033.0	COG5|HBP1		6.1e-05	A	106856034.0	6.1e-05
rs17715343	2.0	163167745.0	IFIH1|GCA		5.5e-05	G	163167746.0	5.5e-05
